headline,date,ticker,datetime_utc,company_name,permno,cusip,ret,ret_fd1,ret_fd2,ret_fd3,ret_fd5,ret_fd10,ret_fd30,ret_fd60,ret_ld1,ret_ld2,ret_ld3,ret_ld5,ret_ld10,ret_ld30,ret_ld60
Citron Tweeting on Ebay Testing Local UK Service Provider Marketplace as Competition to Angie's List,2013-07-24,EBAY,2013-07-24 16:28:00+00:00,EBAY INC,86356.0,27864210,0.008907806128263474,-0.011516286060214043,0.0028791079661805163,-0.008829157427134304,-0.007869479097429855,0.017466409073500166,-0.0028790342011220105,-0.013819531523143858,-0.012808295898139477,-0.0104436517427825,-0.03512707519908209,-0.09100514014367556,-0.05230321948377137,-0.030234758109212723,-0.017129840291030707
"Altaba Announces, In Connection With Previously Announced Tender Offer To Purchase Up to 195M Shares Of Its Common Stock, the Alibaba Volume Weighted Average Price Is $178.5246, Implying A Cash Portion of the Offer Consideration of $8.93",2018-08-06,BABA,2018-08-06 21:32:00+00:00,ALIBABA GROUP HOLDING LTD,14888.0,01609W10,-0.01227605249732733,0.00727803772315383,-0.0061582736781709,-0.008005781434974879,-0.005262583452666281,-0.013044462228637865,-0.1229985523316568,-0.2367595663744405,-0.009638607501983532,-0.02391109159960436,-0.03412914444764381,-0.04529617823037857,-0.03423233087971289,-0.10568225942456189,-0.07465586730132368
Applied Optelectronics Option Alert: Dec 15 $35 Puts Sweep (4) at the Ask: 550 @ $1.0 vs 399 OI; Ref=$63.7235,2017-08-10,AAOI,2017-08-10 14:09:00+00:00,APPLIED OPTOELECTRONICS INC,14145.0,03823U10,-0.05809992551803589,0.03603457286953926,0.08450037581721581,0.07285603464481571,0.015106259170502678,-0.018253346111845592,0.0039339035163441505,-0.4048780520315072,-0.05238758400082588,-0.0318553764013918,0.04442728628663084,-0.2783957070847337,-0.31682867648655244,0.154517494582191,0.0540540387393853
Chipotle Is Plagued By Labor Law Violations,2016-03-23,CMG,2016-03-23 13:10:00+00:00,CHIPOTLE MEXICAN GRILL INC,91068.0,16965610,0.005723210051655769,-0.006512659601867199,0.0017915227325500105,-0.030476734404453976,-0.007355709883255512,-0.05028871941840707,-0.08316822057012452,-0.1626902299526739,0.020065728574991226,0.03599274050984902,0.0003605093052747588,-0.06210733921711187,-0.10087860234820689,0.06013485527465057,-0.051700576945632015
Morgan Stanley Downgrades Western Digital to Equal-Weight,2017-11-27,WDC,2017-11-27 13:23:00+00:00,WESTERN DIGITAL CORP,66384.0,95810210,-0.06714804470539093,0.003928322810679674,-0.06412481585376828,-0.08885040028029778,-0.10906992510156721,-0.06181404964890114,-0.05936828750218748,0.036310792339793174,-0.0013992560561746359,0.004656202662643105,0.02090670761215363,0.017213021831245623,0.058769847968924704,0.08185630638038477,0.033388681604418435
Option Alert: HCA Mar 86.0 Puts Sweep: 1064 @  ASK  $1.10: 1065 traded vs 726 OI:  Earnings 5/3 Before Open (est)  $86.16 Ref,2017-03-10,HCA,2017-03-10 15:51:00+00:00,H C A HEALTHCARE INC,12622.0,40412C10,-0.01312003005295992,-0.008862998336553574,-0.0241399377996393,-0.0023323262270676937,-0.013527739506180136,0.0033819350151409466,-0.017376066289240377,-0.038134068939180255,0.004740934353321791,0.003001294406456134,-0.010138977317249664,-0.005152244227013436,0.005089676436845769,0.07844110376775815,0.18621159365763784
"Wells Fargo Upgrades Molina Healthcare to Outperform, Announces $177 Price Target",2019-05-31,MOH,2019-05-31 10:17:00+00:00,MOLINA HEALTHCARE INC,89781.0,60855R10,0.05557609349489212,0.020174402743577957,0.07240266769753134,0.07788557794673778,0.08062703275492522,0.018768439784141666,-0.0016869827188153996,-0.10283985495657333,0.02783716656267643,0.020984880808374573,0.019903169993459535,0.006647739923149931,0.039891960114149194,0.10385788197423818,0.005146196806427472
An (Almost) Bear-Free Zone: Wall Street Reacts To Cisco's Earnings,2017-11-16,CSCO,2017-11-16 19:59:00+00:00,CISCO SYSTEMS INC,76076.0,17275R10,0.05189095437526703,0.0005574263632297516,0.017279791920260745,0.021460436312678688,0.01700113200891984,0.04793749612692211,0.08305461157885063,0.18180201378332295,0.0020563951693475246,0.004712808339805585,0.0035304185656876985,-0.011304330204925828,-0.014731321741777825,0.02003594420198751,0.10028175424347219
Hearing Laidlaw Upgrades Shares Of Intercept Pharma From Hold To Buy,2017-11-01,ICPT,2017-11-01 17:51:00+00:00,INTERCEPT PHARMACEUTICALS INC,13643.0,45845P10,0.05240953341126442,-0.036848586052656285,0.0035460343921471793,0.005550426658073482,-0.0060129401536859195,-0.0894233587298493,-0.05010792953391663,0.03422756661539439,-0.026228468865156285,0.0032557510813948642,0.038941359429095046,-0.004683414972908029,-0.08097221304894364,-0.3593554686249598,-0.42733692331152695
LivePerson Up Strong Again Today (LPSN),2010-10-21,LPSN,2010-10-21 13:44:00+00:00,LIVEPERSON INC,88174.0,53814610,0.01525047793984413,-0.00643771095201362,0.046137373562354034,0.021459310176718427,-0.005364725533090975,0.07188842468333512,0.05579403681160122,0.2907725403026402,0.05882355570793152,0.04199771497465932,0.06496524686040561,0.05154648236279469,0.04436864087127246,0.230563045942616,0.2506812264517424
Kirby Corporation Sees Q4 EPS $0.55-$0.75 vs $0.73 Est.,2018-10-25,KEX,2018-10-25 21:31:00+00:00,KIRBY CORP,59045.0,49726610,0.02575044147670269,0.051499124616384506,-0.021661195585434334,0.0394491496666427,0.05307710224449114,0.10256780616734962,0.022091533476399583,-0.03313725022553393,-0.05728946253657341,-0.0938666781233164,-0.09939040595823434,-0.1492238180298865,-0.1350388265245288,-0.11163399671586416,-0.18562011177209936
Provident Financial Hldgs Q3 EPS $0.150 Misses $0.280 Estimate,2020-04-28,PROV,2020-04-28 10:11:00+00:00,PROVIDENT FINANCIAL HOLDINGS INC,83683.0,74386810,0.01549185253679752,0.055682722479104996,-0.004576619377520408,-0.0007627221834067832,-0.01601831089179051,-0.05797096333590124,0.1052814549418335,-0.05900673399508294,0.010963146574795246,0.032799986885483357,0.04112905149313928,-0.014503859046715029,-0.010727997460415195,-0.11816943319469009,-0.4155776417488569
"Cerus Says Platelet Additive Solution Shortage Is Expected To Impact Some U.S. Blood Centers Producing INTERCEPT Platelets, Company Is Lowering FY17 Product Revenue From $43-$48M To $38-$46M",2017-05-23,CERS,2017-05-23 12:32:00+00:00,CERUS CORP,84413.0,15708510,-0.25,0.004444440361112356,-0.10222223295825605,0.04444440162236307,0.01777776023857669,0.16444439747802608,-0.017777753234432647,0.12000000364822716,0.0,-0.032258033752441406,-0.02120719526524084,-0.05660379387059289,-0.03536974521133074,-0.30232562248593553,-0.29742389305296546
UPDATE: Goldman Sachs Upgrades Automatic Data Processing to Buy on Cyclical Positioning  ,2012-10-05,ADP,2012-10-05 11:16:00+00:00,AUTOMATIC DATA PROCESSING INC,44644.0,05301510,0.0106960479170084,-0.005207417532801628,-0.017638153091966813,-0.022341643653285614,-0.020320808797608114,-0.018646071530278308,-0.07508814768239414,0.0009368288266875524,0.0005096414824947715,0.006923713271615339,0.0066655823387860025,0.008043834052400056,0.004433869678695634,0.021098358190643207,0.06952919096645305
"Ashland Announces Price Increase for Epoxy Vinyl Ester Resins, Unsaturated Polyester Resins, Gelcoats in North America ",2014-02-11,ASH,2014-02-11 10:39:00+00:00,ASHLAND INC 2022,24272.0,04418610,0.008729902096092701,0.014775699935853481,0.016999914300832586,0.01869459998037981,0.004290094978203207,0.006196576168784107,0.03331090118734181,0.10183819728674037,-0.0061369361355900764,0.006105395232722133,0.04193010381951967,0.05432713371428033,-0.014272226881574479,-0.027438408363966715,0.05364865844602007
Rite Aid Reports 1.7 Percent Same Store Sales Decrease ,2010-10-28,RAD,2010-10-28 12:32:00+00:00,RITE AID CORP,46922.0,76775487,-0.01233640965074301,-0.006516826339066029,-0.0026067567520620116,0.02096229274588368,0.04138156110217661,0.042684875603170136,-0.010426895051531049,0.1512978474145783,0.014694715850055218,-0.03006967879476885,-0.025608876340002862,0.024395589839225185,0.04741576299261174,-0.08607840573504999,-0.03598758822362669
"Wunderlich Upgrades Arctic Cat To Hold, Expects To Benefit From Competitor Shipment Delays",2016-09-14,PII,2016-09-14 12:32:00+00:00,POLARIS INC,75182.0,73106810,-0.01923840865492821,-0.022067874670028687,-0.03964042370311993,-0.019343491887743536,0.007219706860814856,0.021931518901683766,0.043454492416749035,0.2027887064552869,-0.02526373788714409,-0.07409695942963046,-0.095905332201353,-0.103807454540772,-0.16448600280408732,-0.20446569525992553,-0.09283022589365997
Chicago Rivet & Machine Declares $0.30/Share Extra Dividend,2012-11-19,CVR,2012-11-19 16:32:00+00:00,CHICAGO RIVET & MACH CO,30509.0,16808810,0.01145243272185326,-0.006340682506561279,0.003859951451093302,0.02882138308956983,0.029336062788700046,0.04325547953269493,0.010094525514442676,0.11334625694445766,-0.008516176603734382,-0.002077969964300208,-0.002077969964300208,0.004796430202164137,0.027272636486075363,0.029364397590243785,0.04666766976488068
"UPDATE: Caterpillar Production Of Track Drills To Be Discontinued, No New Orders Taken",2016-08-18,CAT,2016-08-18 21:16:00+00:00,CATERPILLAR INC,18542.0,14912310,-0.01220242120325565,0.00551689974963665,0.0025185786342010186,0.007555827724728514,-0.006476384357370857,-0.02314704191537209,0.06464379352633198,0.12541032360618543,0.0014236889546737075,0.0030897459833951757,0.01698799538305984,0.0212946408778234,0.029013834480834166,0.13890525178844904,0.21057216189048988
Chemed Sees FY16 Adj. EPS $7.15-$7.30 vs $7.18 Est.,2016-07-25,CHE,2016-07-25 20:16:00+00:00,CHEMED CORP NEW,64194.0,16359R10,0.003360138041898608,0.046605683863162994,0.03941947905101362,0.03167510896904058,0.026093668815852844,0.0038373202850015,-0.03903956192791225,-0.011849166489454777,0.010469060391187668,0.0030192949912950517,0.01061195618674593,0.016870803609312812,0.03906030418219286,0.06708008747885685,0.029337645531966494
Matador Resources Reports Formation of JV for Delaware Basin Midstream Assets,2017-02-17,MTDR,2017-02-17 14:14:00+00:00,MATADOR RESOURCES CO,13244.0,57648520,-0.00223385589197278,-0.002238786080852151,-0.04626864784649454,-0.05597014897826036,-0.08358208242262388,-0.10373130008565201,-0.11641787235186629,-0.11902980552196096,-0.014673500321805477,-0.0040785577796804695,-0.0007439935492374872,-0.0033395238037589037,0.020516754392004177,-0.004447700432585022,0.09587924739820197
"O'Reilly Automotive Q1 EPS $3.61 Beats $3.58 Est., Sales $2.28B, Inline, Comps Up 3.4%",2018-04-25,ORLY,2018-04-25 20:30:00+00:00,O REILLY AUTOMOTIVE INC NEW,79103.0,67103H10,0.01353333611041307,0.130583718419075,0.1564545601286107,0.12474198778117374,0.13980762039296413,0.1657662603672696,0.24197307435328508,0.3059691068612871,0.009210185147821903,0.014222544767151568,0.007535357412195021,0.002767780796796515,-0.050952710848993,-0.09830600013398527,-0.18455728804189708
ValueVision Secures $40M Credit Facility; Sees Q4 Sales of $148M vs $169.56M ,2012-02-10,PNC,2012-02-10 11:40:00+00:00,P N C FINANCIAL SERVICES GRP INC,60442.0,69347510,-0.01192252431064844,0.007038746494799852,-0.0018434188257614448,-0.0026814119935532066,0.024635515794562357,-0.004189710923477641,0.0723982495181188,0.11144783955803805,-0.0006619380437768996,-0.005107106700223518,-0.011134768754011093,0.00969734175147785,0.02529707732137365,0.040438883420530924,0.12735135479237325
Fergus Kee puts Fitbug Holdings though its paces,2011-05-05,ACN,2011-05-05 15:05:00+00:00,ACCENTURE PLC IRELAND,89071.0,G1151C10,-0.01752816140651703,0.0040051196701824665,0.014746065524994467,0.03695610439811747,0.030402297433376635,0.03659199594018325,-0.017840879895609563,0.07336608047903148,-0.0007149403681978583,-0.03703068498061057,-0.0213548278086495,-0.016880591250603483,0.00920574303604016,0.11926332592243227,0.06996219271341908
"UPDATE: Josh Brown Sees Positives Related to Obama's Push for More Security, But Hints That TASER Shares Have Seen A Lot of Upside Recently",2014-12-02,DGLY,2014-12-02 18:02:00+00:00,DIGITAL ALLY INC NEW,92521.0,25382T20,0.4522145092487335,-0.041198525577783474,0.12359547783853486,0.06099515288164681,-0.04708405849846842,-0.23060461335072868,-0.2915998176630754,-0.27822368938756126,-0.03667663037776947,-0.08202571645678824,-0.05018452610082813,0.02795522089173752,0.11913041817684578,0.0295999914405638,-0.4907004498808528
"UPDATE: Napodano Still Sees a 'Big Market Opportunity' for bluebird bio, 'and with the stock down 60% off the highs, I think priced in.'",2015-11-05,BLUE,2015-11-05 14:15:00+00:00,BLUEBIRD BIO INC,13947.0,09609G10,-0.2195230275392532,0.046617377549409866,0.08143825340073585,0.06921549894076029,0.027430359461050546,0.1331722902571839,-0.126634431701248,-0.35616829073737644,-0.03727037459611893,0.068381185020578,0.16880597223079796,0.05167988796316347,0.11599409420359219,-0.2048160906076687,-0.336595754063
"Apollo Global Management, LLC Reports Q3 EPS of $1.13 vs $0.94 Est; Revenue of $1.13B vs $688.79M Est",2013-11-07,APO,2013-11-07 12:13:00+00:00,APOLLO GLOBAL MANAGEMENT INC NEW,12591.0,03769M10,-0.04534607380628586,-0.014999985694885254,-0.05906248210659859,-0.08281248849193112,-0.058125019408442835,-0.049650068784753976,0.006005401818774958,0.022831489764506774,-0.018160484731197468,0.007817261831756905,0.019464700481639508,0.04488773436604965,-0.01382763436294343,0.20662345590075515,0.20710924195738323
UPDATE: Macquarie's DeGasperi on Echostar: 'Now is a good opportunity to own an underfollowed and underappreciated satellite asset.',2015-12-04,SATS,2015-12-04 16:07:00+00:00,ECHOSTAR CORP,92469.0,27876810,0.006282666698098183,-0.02168791872658371,-0.023135872974164973,-0.013483028162381228,-0.008174046663593115,0.016923275655291725,-0.028927503302856206,-0.050887636585068785,0.0016259434871068734,0.003612754452914757,-0.00428775652423008,-0.03629275670694854,-0.08900058632190222,-0.0957170301604402,0.17696147046920174
"Stifel Nicolaus Upgrades Omega Healthcare to Buy, Raises Price Target to $39",2018-11-29,OHI,2018-11-29 11:04:00+00:00,OMEGA HEALTHCARE INVESTORS INC,77857.0,68193610,0.008108087815344334,0.017158161848783493,0.024396780042053923,0.0144772369887336,7.849791927583283e-10,-0.016085749992261866,0.0034852793701731777,-0.021516612806146473,0.012588918209075928,0.025783208353486575,0.018442007745795852,0.014254398812730606,0.07652025580280819,0.13720474031826657,0.15178435840660875
"SFL to Acquire Three 9,000 TEU Containerships",2015-06-15,SFL,2015-06-15 10:34:00+00:00,S F L CORP LTD,90219.0,G7738W10,0.007233208511024714,0.014961102046072483,0.013165842902307157,0.017354933175671272,0.016158017251898693,-0.020346993397924562,-0.0035906315475258133,-0.019150193048842024,-0.007775069680064917,-0.02090577123226478,-0.01864724762842096,-0.0192128817270959,0.04077409665166232,0.07973709571948873,0.16712324614617535
Canadian Solar Completed Sale of 80.6 MWp Solar Energy Project in Brazil to Global Power Generation,2018-04-16,CSIQ,2018-04-16 11:01:00+00:00,CANADIAN SOLAR INC,91607.0,13663510,-0.009259353391826153,0.08922626460159666,0.13316050983277194,0.1759535777675929,0.21018794637366467,0.24042842208481097,0.18736500270394152,0.2974858535888969,0.10249876617722564,0.111884372932612,0.12723846516703086,0.09205144872115034,0.09571613423817271,0.0404356679501503,-0.19805963293644657
"UPDATE: Gevo Says Terms Contemplate Lufthansa Buying Up to 8M Gallons/Year of ATJ from Co., or Up to 40M Gallons Over Five-Year Life of Deal",2016-09-07,GEVO,2016-09-07 13:03:00+00:00,GEVO INC,12579.0,37439640,0.1904761642217636,-0.28857141733169556,-0.29685714442600963,-0.32999996832919054,-0.3214285653554577,-0.29442855434005044,-0.3714285605206704,-0.5514285443626872,0.037037089467048645,0.04033975685500879,-0.0033897838845731165,0.0017035584308802143,0.11511473672285844,0.0710382081253409,0.35172414954746367
"Hearing Wolfe Research Upgraded Target, Anadaro; Downgraded Gulfport Energy",2018-05-16,TGT,2018-05-16 13:34:00+00:00,TARGET CORP,49154.0,87612E10,0.02941983379423618,0.007975521497428417,0.009437712131501241,0.021799804942014944,-0.0539678997687163,-0.03110466532885503,0.004918184734171938,0.09942835879128142,0.01097394060343504,0.049110346743769684,0.04925973946957862,0.06165375721943778,0.03700579975760454,0.05997415709862808,-0.01813536740187338
"Jefferies Says Kroger Shares Could Peak This Quarter, Sees 'Subpar' 2015 Growth",2015-02-25,KR,2015-02-25 15:18:00+00:00,KROGER CO,16678.0,50104410,-0.007816781289875507,-0.003593671601265669,-0.01658599778760783,-0.019488542160337685,-0.03731854828513981,0.03261922301446707,0.061644773215935755,0.026155202362174945,-0.0030079467687755823,0.0017859218647442443,0.006626114341327538,-0.004505144462390698,0.03187186130136466,0.11039070241370874,0.24291261682561704
"Raymond James On First Solar: Focus Is On Guidance, Not So Much Earnings",2015-02-24,FSLR,2015-02-24 16:50:00+00:00,FIRST SOLAR INC,91611.0,33643310,0.1019339561462402,-0.12330387582822544,-0.13299195329470603,-0.12749722383664053,-0.1263404707024497,-0.10436160737987676,-0.31908923515650256,-0.2988455269949639,-0.10936929633092962,-0.1732128389329185,-0.17615346509365615,-0.19395148665892914,-0.22018282861085348,-0.10028862250797765,-0.1528015136792611
Weyco Group Reports Q1 EPS of $0.30 vs. $0.34 Last Year (WEYS),2011-04-29,WEYS,2011-04-29 20:13:00+00:00,WEYCO GROUP INC,38033.0,96214910,-0.00939540658146143,-0.015257766470313072,-0.03628862559136459,-0.05195877353283651,-0.04742266586366206,-0.05237115392367864,-0.07241772821434467,0.006057200849114208,0.017879430204629898,0.019999979993373884,0.03030300058523161,0.020850708449942967,0.04436855683360563,0.06899563006024256,0.040504747174572975
Bank of America Upgrades Kirby Corporation Common Stock to Buy,2019-05-03,KEX,2019-05-03 12:16:00+00:00,KIRBY CORP,59045.0,49726610,0.0373900942504406,0.0030624514911323786,-0.04310958169859469,-0.019316835150853473,-0.02120144843022398,-0.007302740274074515,-0.06690224064158956,-0.07455832777496685,0.0470828115940094,0.001468367708326257,0.00367911838561108,0.01689851906109796,0.03477051547161447,0.07684205817504153,0.08858733843843969
"Ceragon Networks Q2 EPS $0.07 vs $0.06 Est., Sales $93.3M vs $87.8M Est.",2017-08-07,CRNT,2017-08-07 11:27:00+00:00,CERAGON NETWORKS LTD,88526.0,M2201310,0.02242150343954563,-0.0570174902677536,-0.07017547703834603,-0.048245568192086474,-0.03508768673865892,-0.1271929678307614,-0.0964912402839827,-0.05701749016880886,-0.008888880722224712,0.009049764386110715,-0.05508469592176857,-0.08606558917228735,-0.13565888309143959,-0.12204722410886892,-0.36827194876774016
"Wedbush Previews Tesla's Cybertruck Event Thurs.: Sees Base Version Of Pickup Costing ~$50K, Sees Possibility For Different Versions Offering More Or Less Seats, Interior Design, Towing Capacity, Longer Battery Range",2019-11-20,TSLA,2019-11-20 13:16:00+00:00,TESLA INC,93436.0,88160R10,-0.02030481770634651,0.007410099729895592,-0.05445458163328332,-0.045085472135717564,-0.05942306690638821,-0.06203510894466313,0.28198287241882003,1.6046788337720428,0.027229346334934235,0.020870531575541085,0.029111156329376886,0.02740547005559657,0.1333459047841583,0.4976879124669664,0.6721859880081342
Dougherty & Company Downgrades Stratasys to Neutral,2015-04-29,SSYS,2015-04-29 10:58:00+00:00,STRATASYS LTD,81010.0,M8554810,-0.2216374129056931,-0.06210867688059818,-0.0806411504892589,-0.05559732334696055,-0.0911595112614001,-0.12171301205606955,-0.09291257627038685,-0.13673927243399808,0.04204752668738365,0.00048752302109056345,-0.05992304355356459,-0.039865265014038864,-0.11643131128214956,-0.11475412615705882,-0.35463579549818336
"Barclays Maintains Equal-Weight on Roper Technologies, Raises Price Target to $290.00",2018-04-23,ROP,2018-04-23 16:33:00+00:00,ROPER TECHNOLOGIES INC,77338.0,77669610,-0.01789897866547108,-0.0405644029378891,-0.03345479521035166,-0.03926523889197131,-0.04655524902668606,-0.02334981763952859,0.018080806139388228,0.025745692666690134,0.007714849431067705,0.008867950063902397,0.019476114552752666,0.03306370974444617,0.05339015326348462,0.010313331483958299,0.02193239858369811
"UPDATE: Guindos Says Won't Increase Tax Before 2013, IMF and EU Support More Tax on Consumption, Less on Work",2012-04-27,EWP,2012-04-27 13:23:00+00:00,ISHARES INC,83220.0,46428676,0.01147670857608318,-0.015128578059375286,-0.010590040440560444,-0.04765507657187962,-0.05068079237562151,-0.05786689420589841,-0.1338880784066575,-0.22289310934504925,-0.004569719545543083,0.017516498528421742,0.036478988463651385,0.036890135630203824,-0.037555245749374855,-0.13615336801893452,-0.1551390195217348
The Inverse Trade Works Again,2012-02-07,COP,2012-02-07 20:59:00+00:00,CONOCOPHILLIPS,13928.0,20825C10,0.008412766270339489,-0.013890175904468949,-0.02133194215573908,-0.027420772638141022,-0.023226216495822127,-0.05302317108087329,-0.09508387659547035,-0.019600528510734905,-0.02663740245145385,-0.020968349115704,-0.018308960004535413,-0.017241257017233114,-0.05278586163548682,-0.05452045118324511,0.03369322733788005
"JavaScript and PHP Use Growing in Open Source, Says Black Duck Software",2009-08-12,MA,2009-08-12 13:59:00+00:00,MASTERCARD INC,91233.0,57636Q10,0.008041861467063427,-0.0017130289925263442,-0.008369257418976983,-0.041014117482828905,-0.034357889147941245,0.011599429144749873,0.05197726359569521,0.12771022534343546,0.001729791983962059,-0.00807474741277614,0.0060055925709250335,-0.0020187279006713688,0.08425162870151692,0.20653704336263035,0.1718315179934995
"Globus Medical Shares Spike Sharply Higher, Up 9% For Session; Not Seeing News To Justify Price Action",2020-05-21,GMED,2020-05-21 17:06:00+00:00,GLOBUS MEDICAL INC,13543.0,37957720,0.08658435940742493,0.009525562636554241,0.00036637561093444404,0.015936965058963137,0.0010991274443274968,0.018684750927658644,-0.16468220730166827,-0.008976034141439326,0.020515989512205124,0.00903797463523004,0.09646446831084199,0.11644447919095202,0.09646446998642677,0.17878936997958417,-0.016444799009228794
"MKS Instruments Q4 EPS $1.2 Beats $1.07 Estimate, Sales $500M Beat $474.18M Estimate",2020-01-28,MKSI,2020-01-28 21:31:00+00:00,M K S INSTRUMENTS INC,86778.0,55306N10,0.04418671876192093,-0.028387563303113095,-0.03720357340842717,-0.07590585089856694,0.0029974091015780857,0.02618355798558003,-0.20788020536055207,-0.19383775898360656,-0.037906352430582047,-0.07002825485149777,-0.07635407952476536,-0.053580776635758665,0.009009785713141039,-0.0023877528565448003,-0.02663393827469296
Citi Maintains Buy on Steel Dynamics,2011-06-17,STLD,2011-06-17 13:20:00+00:00,STEEL DYNAMICS INC,84262.0,85811910,-0.01824108697474003,0.011944280937314034,0.04379561178245295,0.04844064504157353,0.039150642243760636,0.09576263232955395,0.043011110505269956,-0.229427127216689,-0.0376175194978714,-0.04835702522725349,-0.026632850586319146,-0.05654579265792903,-0.07973620503288614,-0.1157834192814563,-0.14797589772389064
"Tyler Tech Reports Q4 Adj. EPS $0.54, Inline, Sales $127.4M vs $127.2M Est.; Sees Fy15 EPS $1.91-$1.99 vs $2.47 Est., Sales $567M-$575M vs $566M Est.",2015-02-04,TYL,2015-02-04 21:14:00+00:00,TYLER TECHNOLOGIES INC,76185.0,90225210,0.001000733347609639,0.03635372221469879,0.044260681631611565,0.03871673361467631,0.0234481683577219,0.05816596983881661,0.12214852752549366,0.11596839379593815,0.013461175374686718,0.036199060465031074,-0.005248885586566776,-0.0016348799815232296,0.012714182147823161,-0.01725525645174586,0.00992284220112638
J.P. Morgan Upgrades Agilent Tech To OW; PT Goes From $40 To $46,2010-12-15,A,2010-12-15 15:27:00+00:00,AGILENT TECHNOLOGIES INC,87432.0,00846U10,-0.01079696603119373,0.03274433687329292,0.0535343374342081,0.05587321864309658,0.0670478626386366,0.08082121964989142,0.06496881147404365,0.1652806741077728,0.005167978350073099,0.009340960189435421,0.0223390883739929,0.03512505720264136,0.11079386150017978,0.11942450552328898,0.2536255468325699
Capital One Financial Q4 Earnings Preview,2019-01-22,COF,2019-01-22 13:27:00+00:00,CAPITAL ONE FINANCIAL CORP,81055.0,14040H10,-0.01847710646688938,-0.06235017254948616,-0.038609126035197394,-0.045323724871898285,-0.046043211598070344,-0.030455644616265043,-0.0055868915812685715,0.0596145488189026,0.01578003168106079,0.01614444403451465,0.04232096144643105,0.04978995205824255,0.06826754229051324,0.0009424164845754923,-0.0360958863197699
"BMO Maintains Outperform On Johnson & Johnson, Maintains $157 Target As Firm Notes 'We remind investors that litigation is long, lengthy, and difficult to read, and while the amount is less than it could have been, we would expect an extended resolution'",2019-08-27,JNJ,2019-08-27 17:15:00+00:00,JOHNSON & JOHNSON,22111.0,47816010,0.01439746748656034,-0.007405173499137052,-0.010799088816846991,-0.009873486245997376,-0.0060166518464641605,0.011801903757979515,-0.0032397263183709946,0.04859613446293709,0.007985591888427734,-0.01919708435190781,-0.021135831114502013,-0.026465005954169896,-0.024103614141889662,-0.04424321332601178,-0.018299589127704685
"Weatherford Int'l Shares Soar 14% After-Hours as Co Announced Hallibuton CFO to be Joining WFT as President, CEO & Director",2017-03-06,HAL,2017-03-06 23:12:00+00:00,HALLIBURTON CO,23819.0,40621610,-0.001299418858252466,-0.01542747300118208,-0.046654245240298375,-0.05408921787921206,-0.05427506029219886,-0.0587360593165136,-0.09795540106102096,-0.1600371900916887,0.0,-0.015173708088696003,0.007669283080561584,0.02236177373195458,-0.004745635995893727,-0.02326949928136013,0.002824946607939083
"B. Riley FBR Maintains Buy on Silicon Motion Technology, Raises Price Target to $65",2020-01-07,SIMO,2020-01-07 18:25:00+00:00,SILICON MOTION TECHNOLOGY CORP,90744.0,82706C10,0.0219693798571825,-0.0213051214814185,-0.02034544323262244,-0.011516285727401598,-0.0038387128674459703,-0.03915541653649157,-0.08576657097631157,-0.26230948470667503,0.013518893159925938,0.006118045864378585,0.00532440272105994,0.008705948101538352,0.06053671496858093,0.17709531000166323,0.3653529961119244
RBC Capital Downgrades Southwestern Energy To Sector Perform,2014-09-18,SWN,2014-09-18 11:36:00+00:00,SOUTHWESTERN ENERGY CO,63765.0,84546710,-0.0079978471621871,-0.018005862832069397,-0.01881216743854497,-0.026336993745414428,-0.054017692818706387,-0.06476753324377182,-0.15399084762024218,-0.2284332157163187,-0.007934489287436008,-0.004511729806702669,0.0005333861448575394,-0.035236695015605335,-0.07336959507058716,-0.06528788037556765,-0.19816162265426773
LO/MO Downgraded To Hold,2010-09-23,MO,2010-09-23 14:52:00+00:00,ALTRIA GROUP INC,13901.0,02209S10,-0.01131128799170256,0.016949135810136795,0.01737287430524126,0.025423744707584017,0.017796613141103146,0.04110166555486239,0.1080508135518834,0.05889827803487613,0.0004191210609860718,0.006748281808182988,0.01574471671401101,0.008023670745128886,0.0343913187333178,0.07187265067273962,0.1925504894944592
Digital Realty CEO Bill Stein 'Talks SMACC' At Citi Conference,2015-03-05,DLR,2015-03-05 20:48:00+00:00,DIGITAL REALTY TRUST INC,90373.0,25386810,0.004115918651223183,-1.9038507363511314e-05,0.021804278183734205,-0.008843239458854124,-0.007325061792333054,-0.03313348169503405,-0.034177209030052724,-0.07570955687449843,-0.00871797142472952,0.02615079799536213,-0.0014402107098447914,-0.011151502409855296,-0.04661857557303806,0.03252889675925896,0.200140383539543
Zumiez September Sales Expected Today After Market Close,2017-10-04,ZUMZ,2017-10-04 13:11:00+00:00,ZUMIEZ INC,90715.0,98981710,-0.01562505960464478,-0.005291025619953871,-0.029100488668078905,-0.05026449052494941,-0.03439151631865467,-0.07936507965857276,-0.05291005073149546,0.10185191253471104,0.035040516406297684,0.06077350167776818,0.09090911144315328,0.14970059418556625,0.14626870485303467,0.676855989037197,0.573770571091675
Antero Midstream GP LP Prices IPO @$23.50/Share -Reuters,2017-05-04,AM,2017-05-04 00:15:00+00:00,ANTERO MIDSTREAM CORP,16738.0,03676B10,,,,,,,,,,,,,,,
Near-Term Headwinds Pose Problem for Crocs,2014-03-31,CROX,2014-03-31 17:43:00+00:00,CROCS INC,91090.0,22704610,0.003215446369722486,-0.0038461806252598763,0.0019230597373189884,-0.024358981435629645,-0.05961540367471674,-0.07948722411437614,-0.04807691996670349,-0.05448720015205277,0.007124391850084066,0.03185139315048069,0.025725615963219317,0.00974029606902671,0.04855025237711552,-0.011443060760793156,-0.02324119907100164
What Wall Street Thinks About Salesforce's Q2 Earnings,2017-08-23,CRM,2017-08-23 19:15:00+00:00,SALESFORCE INC,90215.0,79466L30,0.001291046268306673,0.011604188941419125,0.011066926105271158,0.006339357263349221,0.01923284529846203,0.03932527890674398,0.028580678159684236,0.14999462153548038,0.012968556955456734,0.024129514877788694,0.02277728617499064,0.02480705798955607,0.02980273273170253,0.052065629737945374,0.023340251931321943
"Red Mountain Capital Calls For Deckers Outdoor To Explore Sale Of Company In Letter To Board, Red Mountain Owns ~3.3% Of Outstanding Shares",2017-03-27,DECK,2017-03-27 20:07:00+00:00,DECKERS OUTDOOR CORP,79686.0,24353710,0.004086701199412346,0.03751553222537041,0.053264946609102415,0.05609630129226728,0.028136614868971455,-0.009909708769166192,0.07644671208413212,0.1748363277557139,0.014054032042622566,0.03914325994525125,0.05255278700950061,0.03058044644892921,0.03971915217347055,0.07651109534843337,0.023272706477030614
"Sun Communities Q3 EPS $1.46 Up From $1.35 YoY, Sales $362.4M Up From $323.4M YoY",2019-10-23,SUI,2019-10-23 20:49:00+00:00,SUN COMMUNITIES INC,80102.0,86667410,-0.003727997420355678,0.022322623059153557,0.015677371153942632,0.023032304321924046,0.03464512886334803,0.00838711622512478,0.03864519592222737,0.021772839003852074,-0.006957275327295065,-0.0013479136774927625,0.014939060966205231,0.014409641878118551,0.022342024458581466,0.11332807776280718,0.16596021734455513
"Stifel Nicolaus Upgrades Valmont Industries, Inc. Common Stock to Buy, Raises Price Target to $153",2019-04-25,VMI,2019-04-25 11:27:00+00:00,VALMONT INDUSTRIES INC,80128.0,92025310,0.001656136941164732,-0.0050353086553514,0.013678094539669505,0.01337741405659787,-0.013151962529540984,-0.0592213868017496,-0.12069741497347097,-0.03480265242477498,0.012037192471325397,0.002641639082048508,0.009269117164959928,0.009882948661931845,0.041637242133735874,-0.010147000534969641,0.061463702928837405
eBay Inc. Reports Q3 EPS of $0.64 vs $0.63 Est; Revenue of $3.90B vs $3.90B Est,2013-10-16,EBAY,2013-10-16 20:15:00+00:00,EBAY INC,86356.0,27864210,-0.008337979204952717,-0.039985042065382004,-0.02466367318754925,-0.02952170986428837,-0.03342678512502595,-0.014854299529491688,-0.07884905121134611,-0.018310900786047246,-0.014606522396206856,-0.007356956517487245,0.010295825932956859,0.018878608245127992,-0.03573343019204833,0.07253579963088241,0.031733888859759585
Jefferies Initiates Coverage On CRH PLC American Depositary Shares with Buy Rating,2017-09-27,CRH,2017-09-27 14:11:00+00:00,C R H PLC,75650.0,12626K20,0.009184470400214195,0.0281301848590374,0.04412582345720306,0.024820781357034916,0.03309434033274683,0.004964156521184204,-0.0005514778428749034,-0.028130078933160108,-0.006085787434130907,-0.01830596200552892,-0.024701407482065063,-0.0027754228975106487,0.02160938740164431,0.049828323414881526,0.019638716922595334
Rite Aid shares are trading lower after the company reported mixed Q4 earnings results.,2020-04-16,RAD,2020-04-16 13:56:00+00:00,RITE AID CORP,46922.0,76775487,-0.21063531935215,0.022747091948986053,0.2187226508829787,0.14873138288310117,0.193350826348885,0.25371824415265243,0.14873138385252327,0.30533678865475955,-0.06520337611436844,0.022598844744634583,0.10872886944585147,0.21783003645733667,-0.03466669907729614,-0.1250754929749598,0.14920630878982566
Walgreens Boots Alliance Has Been Exploring Deal With Buyout Firms To Go Private,2019-11-05,WBA,2019-11-05 18:33:00+00:00,WALGREENS BOOTS ALLIANCE INC,19502.0,93142710,0.02615251578390598,-0.028099941089749336,-0.04149650261010185,-0.03218424105359674,0.024669206949756495,0.011312231713223708,-0.05863206242338903,-0.16149132346455564,0.03956082835793495,0.08890110875598545,0.06784820590811624,0.06899645665479803,0.09269099376621948,0.09812226759440601,0.14005345946510062
"SunTrust Robinson Humphrey Initiates Coverage On Vertex Pharmaceuticals with Buy Rating, Announces $235 Price Target",2019-11-12,VRTX,2019-11-12 11:38:00+00:00,VERTEX PHARMACEUTICALS INC,76744.0,92532F10,0.009707809425890446,0.01589328609406948,0.005592068657463756,0.029137654051959005,0.05464534082176287,0.07451192962632369,0.08039830638417489,0.20057882070855104,0.0029307850636541843,0.030996231125717477,0.03025969573255005,0.012436043599621804,0.04061431607731936,0.1917128792077114,0.09170537304395965
"Visa, Mastercard Could Create Russian Operator in 18 Mos., Current Collateral ~$300M for Visa, ~$200M for Mastercard - Bloomberg",2014-05-23,MA,2014-05-23 13:55:00+00:00,MASTERCARD INC,91233.0,57636Q10,0.009240883402526379,0.007586682215332985,0.006278657592819092,0.004447403221738755,0.007848346529375716,0.005363030916738287,-0.00851147192471291,0.0007890436327022687,0.0015867083566263318,0.028513216925619478,0.02558894360116626,0.036535278292597395,0.020339469857272308,0.02977164701951418,-0.01930176218926194
Carl Icahn Reports 7.77% Stake in Manitowoc Company as of December 17; Says Intends to Talk With Manitowoc Board Relating to Separating Crane And Foodservice Segments Into Two Separate Companies,2014-12-29,MTW,2014-12-29 11:13:00+00:00,MANITOWOC CO INC,51263.0,56357140,0.08938818424940109,-0.019745534285902866,-0.03027645875624463,-0.0399298688875539,-0.1351470664887402,-0.17156654384371006,-0.07678805845522163,-0.08775778329367112,0.04287141561508179,0.03003449488000154,0.08337651921411182,0.11692474786636531,0.14442008499336767,-0.013243975824173138,-0.06923008090811422
Option Alert: XPO Aug16 35.0 Puts Sweep: 641 @  ASK  $0.50: 641 traded vs 74 OI: $36.19 Ref,2016-08-15,XPO,2016-08-15 18:22:00+00:00,X P O INC,90175.0,98379310,0.004696081858128309,-0.013472584076225758,-0.01017319070818945,-0.01017319070818945,0.0024745703829331944,-0.00824853629606892,-0.014572420927482455,0.01154803033449947,-0.005494526121765375,0.006394204692872885,-0.0160369693972513,-0.016036969702594495,0.222147182350519,0.378522472340461,0.4031008234646398
"Unifi Director Langone Buys 2,375 Shares @$27.82/Share -Form 4",2014-11-17,UFI,2014-11-17 17:18:00+00:00,UNIFI INC,78044.0,90467720,-0.007363798562437296,-0.019738106225799412,-0.05696872092159133,-0.060034847225826415,-0.052150689889528756,-0.029812271556855285,0.052971300687375544,0.12830865417351855,-0.04731900493795449,-0.037740320160583374,-0.015889493447164282,-0.03572041727907571,-0.12631652109271185,-0.21793875342309255,-0.2943428559703728
"PiperJaffray Reinstates Overweight on Zoetis, Announces $61.00 Target",2016-12-15,ZTS,2016-12-15 13:03:00+00:00,ZOETIS INC,13788.0,98978V10,0.02911092713475227,0.0026758292224258184,0.0013379145920553448,0.014908233271456961,0.017966334287586205,0.023126893477217747,0.052145062999772396,0.039505535001326475,-0.004113596398383268,-0.001571053080392515,-0.0202350983208206,-0.008193488131372328,0.009130588804216355,0.07597883548521844,0.006763231636284672
Motorcar Parts Of America Reports Mixed Q4 Earnings,2019-06-28,MPAA,2019-06-28 12:36:00+00:00,MOTORCAR PARTS OF AMERICA INC,80341.0,62007110,0.1591770797967911,-0.034563276916742325,-0.06912655421420777,-0.09154596335265619,-0.12237267255982076,-0.14666041035353627,-0.3007940038151733,-0.26716488886934264,0.037057824432849884,0.02440369386217589,0.040563340356877475,0.10598793212725544,-4.299694489340311e-09,-0.09770396881102072,-0.050385685750490405
"Pool Corp. Officer Sells 24,000 Shares of POOL",2011-03-24,POOL,2011-03-24 20:06:00+00:00,POOL CORP,82515.0,73278L10,0.0004171977052465081,-0.0012509915977716446,-0.0012509915977716446,1.0012435325279512e-11,0.005421228879517903,0.03669729276977507,0.2539616454886011,0.1724974269043531,0.0008350125281140208,-0.0012500285989647253,0.006297213365366261,0.01353064257236336,-0.035365589274282905,-0.03959477774533404,0.03596590655057619
"PiperJaffray Upgrades Teva Pharmaceutical Indus to Neutral, Raises Price Target to $16",2019-01-23,TEVA,2019-01-23 11:39:00+00:00,TEVA PHARMACEUTICAL INDS LTD,75652.0,88162420,0.03786661848425865,-0.006166440900415182,0.005138765473898577,0.016444070136455435,0.02826316343651425,-0.014902315369523689,-0.177800578226204,-0.26207603561385073,-0.003719431348145008,-0.0005330612816810687,0.0053619508429432194,0.015159756830205318,0.06112053939851658,-0.07453110590875389,-0.11723162706449819
"Akamai Tech. (AKAM), Equinix (EQIX) Get Thumbs Up ",2010-01-29,EQIX,2010-01-29 19:33:00+00:00,EQUINIX INC,89617.0,29444U70,-0.01565055921673775,-0.003948923200368881,0.003637103162820843,-0.0023901422279319906,-0.03366938903587058,-0.0035332420445727264,0.06058395684103779,0.06349363929307317,-0.015012572519481182,-0.01709226741754788,-0.023278991190646248,-0.05427106951913474,-0.05161039607439333,-0.07476813680022754,0.1458040669720051
Italy 10-Year Bond Yield 5.882%,2012-06-11,EWI,2012-06-11 11:11:00+00:00,ISHARES INC,83217.0,46434G83,-0.04205605760216713,0.00780487060546875,-0.0009756324818468443,0.022438978801925247,0.020487808394866747,0.015232349489727959,-0.07270117042607394,0.1741122422977961,-0.0027958746068179607,-0.0009337282277144254,0.040856041086483774,0.07429716664545372,0.029836330390649923,-0.10609861597339187,-0.2062314410375523
Tower Semiconductor Reports 6% Rise In Q1 Revenue ,2011-05-17,TSEM,2011-05-17 08:02:00+00:00,TOWER SEMICONDUCTOR LTD,81013.0,M8791527,0.008333325386047363,-0.012396682053804398,0.06611563771475559,0.0578511828844086,-0.016528908363472983,-0.04958682300308259,-0.041322371007348035,-0.32231406847715016,-0.04761900380253792,-0.05511805964099514,-0.05511805964099514,-0.06249994276013082,-0.09774435683850491,-0.11111109278725317,-0.14893611445422372
8 Damning Quotes From The 60 Minutes Exposé On Lumber Liquidators,2015-03-02,LL,2015-03-02 02:14:00+00:00,L L FLOORING HOLDINGS INC,92400.0,55003T10,-0.2512533366680145,0.050218820571899414,-0.08215304097670284,-0.12876641977114978,-0.2801957441392039,-0.22920425327726568,-0.13881027466053908,-0.4445017096408186,0.053422730416059494,0.024293886253643704,-0.246001713961026,-0.23622974888430737,-0.17420379223628757,-0.1768253794578578,-0.1714331174292184
Brean Murray Carret Comments On Xerox Mar Q Results,2011-04-21,XRX,2011-04-21 14:52:00+00:00,XEROX HOLDINGS CORP,27983.0,98421M10,-0.05806452408432961,-0.018591050058603287,-0.013698663826849033,-0.010763269307894063,-0.012720167775608138,0.0029353946789063556,-0.04500978955166146,0.0012642331361347736,0.02843603678047657,0.016869757159320597,0.011183676494354922,0.011183676566621115,8.45916670044744e-10,0.03943692745567651,-0.0444474676756581
"ReWalk Robotics Q1 EPS $(0.21) Beats $(0.22) Estimate, Sales $1.58M Beat $1.38M Estimate",2018-05-10,RWLK,2018-05-10 20:36:00+00:00,REWALK ROBOTICS LTD,14936.0,M8216Q20,0.02325579151511192,-0.045454610139131546,-0.045454610139131546,-0.02272725140765186,-0.04545461010074425,-0.045454609484998354,-0.04545460937515955,-0.2729091092558008,-0.022727251052856445,2.5005864046079296e-10,0.018667726100898063,-0.022727249618118117,-0.022727249618118117,0.02380961793294789,0.023809618427437673
Nabors Enters Into Agreement With Eugene Isenberg Whereby He Forgoes $100M Termination Payment ,2012-02-06,NBR,2012-02-06 12:00:00+00:00,NABORS INDUSTRIES LTD,29102.0,G6359F13,0.01286008208990097,0.002031437586992979,-0.0076180609843627956,-0.008633828241955244,-0.026917252574247374,0.03402742898700728,0.018791213622987968,-0.1472828578294334,0.013027618639171124,0.03901664926369275,0.04403865098099269,0.08421641008807579,0.14285716082693,0.1026660006579021,-0.027026969747713347
Signet Jewelers Shares Tarnished By Industry Trends,2016-09-29,SIG,2016-09-29 16:45:00+00:00,SIGNET JEWELERS LTD,12076.0,G8127610,-0.02323094569146633,0.018726011738181114,0.034991763570362044,0.06369595163449038,0.11440670671392694,0.10784580337765348,0.2311797195780083,0.2780739434752375,0.0028116090688854456,-0.01847721196392038,-0.051538555344282755,-0.01200364340872273,-0.05417351898518219,-0.18965701945741975,-0.07586080045451526
"CEVA Reports Q4 Adj. EPS $0.32 vs $0.28 Est., Sales $21.2M vs $20.6M Est.",2017-02-01,CEVA,2017-02-01 12:01:00+00:00,CEVA INC,89572.0,15721010,-0.03818949311971664,-0.011764750815927982,0.03529414139812914,0.04558821378897959,0.035294141510451515,0.033823575425382835,0.03382357200378139,0.05882352248553824,0.018731921911239624,-0.0056259004555745395,0.0071225078282337595,0.0071225082588282085,0.059970018316167994,0.04123704407589224,0.1311999450048693
Analysis: Delta-LATAM Joint Venture Has Strong Cargo Upside,2019-10-21,DAL,2019-10-21 16:37:00+00:00,DELTA AIR LINES INC,91926.0,24736170,0.01393275056034327,0.0012825154699385166,-0.00673324408709719,-0.007102428049838072,0.01837063216395851,0.04993519181898742,0.026677094501034837,0.14222906954894965,0.008619128726422787,0.012413083986592355,0.0035421780391211577,0.01661947186582924,0.00037168677295129626,-0.07157636517172317,-0.13498308805530934
"BMO Capital Downgrades Fortinet to Market Perform, Lowers Price Target to $78",2019-01-22,FTNT,2019-01-22 12:19:00+00:00,FORTINET INC,93132.0,34959E10,-0.00921988021582365,0.023335790261626244,0.03822474222594274,0.0535432777804874,0.048103087726694804,0.17351471572361055,0.18682896486890654,0.32240522307140873,-0.02959396317601204,-0.025435393471768042,-0.055339639881918146,-0.03780533212125303,0.053654105754675996,-0.03924772052309866,-0.1499879686160026
"Houston American Energy Reports Board Determined Not To Renew Position Of John Boylan As Chair, Pres, CEO",2018-06-07,HUSA,2018-06-07 15:48:00+00:00,HOUSTON AMERICAN ENERGY CORP,91379.0,44183U20,-0.012987045571208,0.022920213639736176,0.05263158736870954,0.037988160267009574,0.06069611318109214,-0.002122212401330925,0.02971138911267346,-0.04499149790807466,-0.01567012257874012,0.011440682058080132,-0.06355435489583905,-0.03360320514927495,-0.1316179320384171,0.004206994054694491,-0.1711805077680385
Cisco to Acquire Broadsoft for $55/Share Cash,2017-10-23,CSCO,2017-10-23 12:03:00+00:00,CISCO SYSTEMS INC,76076.0,17275R10,0.00291966344229877,0.006695876829326153,-0.001455581998385136,-0.002328908970297139,-0.009024674958807655,0.0017467643633708452,0.08617184996293781,0.21097844887699835,0.014814814552664757,0.020864404460439134,0.019345284147754827,0.023304414195393974,0.014814814340951665,0.09742773186269682,0.09429916911209646
8-K from Schlumberger Shows Expectation to Record Q4 Pre-Tax Restructuring Charge ~$50M Related to Workforce Reduction,2015-12-01,SLB,2015-12-01 17:54:00+00:00,SCHLUMBERGER LTD,14277.0,80685710,0.01322095468640327,-0.030190618708729744,-0.042983250156578334,-0.044262493825629745,-0.08532683110752404,-0.08097738306266644,-0.17257257608100018,-0.07598785096456462,0.004138105548918247,0.0015478235593033851,-0.00677921152108707,0.0064808817575015,0.01983191651354077,0.042141983883001055,0.01822710967085195
"Citigroup Initiates Coverage On Micron Technology at Buy, Announces $30.00 Target",2016-12-07,MU,2016-12-07 14:10:00+00:00,MICRON TECHNOLOGY INC,53613.0,59511210,0.07240299880504608,0.010763175785541534,0.002935394789734147,-0.020547948156201645,-0.020547948091200197,0.006849285372271252,0.07093927995645877,0.2544030768331711,0.02418048493564129,0.014369266715696494,0.03138527800797419,-0.018537621551041106,-0.022062611681097577,0.11723330273372667,0.11137025562289726
UPDATE: Morgan Stanley Upgrades Sherwin-Williams to Overweight on Contractor Survey Results,2013-04-15,SHW,2013-04-15 14:34:00+00:00,SHERWIN WILLIAMS CO,36468.0,82434810,-0.01247513666749001,0.03511060029268265,0.013522323472764164,0.0371864333617562,0.07164463621595218,0.0836249718117994,0.14106936361510725,0.0991489654867701,-0.001637228182516992,0.014678796439183461,0.02645190058303215,0.029670714227410855,0.010953910371534592,0.05662484729780526,0.06376574366158594
AB Reports Prelim AUM Increased From $456B To $460B MoM,2016-03-09,AB,2016-03-09 21:21:00+00:00,ALLIANCEBERNSTEIN HOLDING L P,75278.0,01881G10,0.01801391690969467,-0.001814923482015618,0.009981819371771339,0.005898328080130133,0.022232292902126805,0.009528087908555527,0.09437385559622902,0.08395731708227983,-0.0032228222116827965,0.004174404115668606,0.017865498410392977,0.0733762788265695,0.16210416403362227,0.1669557392494505,-0.06368146907254002
SunTrust Robinson Humphrey Initiates Coverage on TG Therapeutics at Buy,2016-05-27,TGTX,2016-05-27 11:30:00+00:00,T G THERAPEUTICS INC,82670.0,88322Q10,0.07063715159893036,-0.027166886255145184,-0.0012936899737524543,0.09314356677416957,0.05821478543933578,-0.09184994007249714,-0.19793016475278746,-0.19534284264477741,-0.07197948545217514,-0.07554419323360795,-0.06958768217054212,0.02121635168405467,-0.020352795637629484,-0.2751004223477046,-0.23435847908095375
IMAX Announces New Revenue Share Agreement Plan With Chinese Partner,2016-05-12,IMAX,2016-05-12 13:52:00+00:00,IMAX CORP,80635.0,45245E10,-0.009434004314243793,-0.011981548741459846,-0.003993888521836353,-0.019354813850654295,-0.012903170014225251,0.01628272140885967,-0.11244239707565251,-0.016589892348633062,-0.009942694567143917,0.003971923405268196,-0.0009120947420431236,0.007975525327228894,0.009834040217375328,0.06792330562624227,0.13310347379905063
Electrek Article Highlights Sales Data Showing Tesla's Model 3 Is Disrupting US Luxury Sedan Market Based On Sales,2020-01-17,TSLA,2020-01-17 16:15:00+00:00,TESLA INC,93436.0,88160R10,-0.005822879262268543,0.07189032435417175,0.11569049136588982,0.12086192060210244,0.0930852457465936,0.5279138069732248,0.46035259759894087,0.42963763213283457,-0.009662507101893425,-0.04541566450982415,-0.021662913010857987,0.06679269149152356,0.19344112603179742,0.5273348365961985,1.0256015372069385
S&P Downgrades Brazil Foreign Currency Long-Term Debt from BBB to BBB-; Outlook Raised from Negative to Stable,2014-03-24,EWZ,2014-03-24 21:22:00+00:00,ISHARES INC,88396.0,46428640,0.01175910048186779,0.012333977036178112,0.008538914297014033,0.055265699384264844,0.06819260136768301,0.1240512268060896,0.154886124347972,0.1854838688643805,0.004580487497150898,0.02812729805280112,0.03220211138657536,0.06545634089066721,0.03348210432086063,0.032457817192453886,-0.05510205309395011
"Identive Group, Inc. Sees FY2013 EPS $105.0M-115.0M vs $107.41M Est",2013-03-07,INVE,2013-03-07 13:55:00+00:00,IDETIVE INC,85502.0,45170X20,-0.02666664123535156,-0.041095931082963943,-0.013698616448916123,-0.04109593242112308,-0.02739731614480312,0.027397233068052973,-0.25342465040540874,-0.4315068707545767,0.0,0.03448272496461868,0.04895108788378866,0.03448272477884928,0.013513502215256379,0.04895109392231145,0.04895109140664111
"Office Depot shares are trading higher in sympathy with the overall market on positive U.S.-China trade news. The National Security Adviser Robert O'Brien said: ""we're relatively close to an agreement.""",2019-11-04,ODP,2019-11-04 19:20:00+00:00,O D P CORP,75573.0,88337F10,0.07389167696237564,0.004587151575833559,0.16055041256624336,0.16513756420745174,0.18807332108921626,0.11467889604352943,0.21909453301718895,0.02904554887727362,-0.014563092961907498,-0.024038439012661783,-0.024038439012661783,-0.004901956579403177,0.051813485709999885,0.24539875724009108,0.24773415130238496
UPDATE: Johnson & Johnson Posts Higher Q3 Profit,2013-10-15,JNJ,2013-10-15 12:21:00+00:00,JOHNSON & JOHNSON,22111.0,47816010,0.001447630813345313,0.013121319934725761,0.02268432013739874,0.018903557663887405,0.027021019606159102,0.03569441849796973,0.06436873852947378,0.06078576241894185,0.003912868909537792,0.023012124058708894,0.04467198662514238,0.037071333796474315,0.035874962120651555,0.039231560780929486,-0.019078649007856496
